,player_id,avg_session_time,sessions_per_week,last_purchase_amount,total_spent,level_reached,retention_days,churned,satisfaction_score,bug_reports,has_premium,signup_month,signup_dayofweek,country_Brazil,country_Germany,country_India,country_Japan,country_USA,country_United Kingdom,device_Android,device_PC,device_iOS
0,P0000,34.97,4,20.11,66.06,24,131,0,6.0,4.0,True,2.0,4.0,0,0,1,0,0,0,1,0,0
1,P0001,28.62,4,3.63,40.830000000000005,89,49,0,10.0,0.0,True,4.0,5.0,0,0,1,0,0,0,0,1,0
2,P0002,31.42,4,0.0,142.54,14,9,1,10.0,4.0,False,2.0,4.0,0,0,0,0,1,0,1,0,0
3,P0003,29.65,5,4.96,15.02,4,2,1,6.0,5.0,False,11.0,3.0,1,0,0,0,0,0,0,0,1
4,P0004,16.72,7,0.0,2.31,40,82,0,6.0,7.0,True,4.0,0.0,0,0,1,0,0,0,0,0,1
5,P0005,31.97,4,0.0,3.87,71,9,1,6.0,0.0,True,4.0,1.0,0,0,0,0,1,0,1,0,0
6,P0006,35.82,4,0.0,99.43,72,12,1,6.0,0.0,False,2.0,1.0,0,0,0,0,0,1,0,1,0
7,P0007,38.88,2,0.0,65.39,86,35,0,1.0,2.0,True,12.0,3.0,0,0,1,0,0,0,0,1,0
8,P0008,33.62,6,1.14,2.74,52,96,0,4.0,0.0,False,11.0,3.0,0,0,0,1,0,0,1,0,0
9,P0009,23.55,4,3.42,12.209999999999999,66,170,0,9.0,0.0,False,3.0,5.0,0,0,0,0,0,1,0,1,0
10,P0010,29.795,6,0.0,12.93,62,121,0,4.0,8.0,True,11.0,3.0,1,0,0,0,0,0,0,1,0
11,P0011,33.15,5,0.0,13.99,59,118,0,8.0,0.0,True,3.0,2.0,0,1,0,0,0,0,0,0,1
12,P0012,23.37,4,60.93,76.45,2,130,0,6.0,0.0,True,11.0,3.0,1,0,0,0,0,0,1,0,0
13,P0013,28.54,4,42.44,56.3,68,123,0,6.0,5.0,False,3.0,6.0,1,0,0,0,0,0,0,1,0
14,P0014,44.03,5,0.42,45.11,59,164,0,6.0,9.0,True,11.0,5.0,0,0,0,0,1,0,0,1,0
15,P0015,15.98,5,27.6,35.0,92,178,0,6.0,0.0,True,12.0,2.0,0,0,0,1,0,0,0,1,0
16,P0016,38.14,4,22.75,138.09,9,99,0,3.0,2.0,True,2.0,3.0,0,1,0,0,0,0,0,1,0
17,P0017,17.69,12,6.65,36.4,61,169,0,4.0,0.0,False,3.0,2.0,0,1,0,0,0,0,0,1,0
18,P0018,29.95,5,0.0,35.55,86,119,0,6.0,5.0,False,12.0,4.0,0,0,0,0,0,1,0,1,0
19,P0019,26.17,8,0.0,34.58,4,35,0,1.0,0.0,True,1.0,1.0,0,0,1,0,0,0,1,0,0
20,P0020,29.88,8,3.65,42.17,33,67,0,2.0,0.0,True,11.0,4.0,0,0,0,1,0,0,0,1,0
21,P0021,31.91,4,11.12,33.33,27,130,0,10.0,0.0,False,3.0,6.0,0,1,0,0,0,0,0,0,1
22,P0022,34.5,4,0.05,49.48,20,65,0,6.0,2.0,True,3.0,2.0,0,0,0,0,1,0,1,0,0
23,P0023,47.79,4,6.27,45.379999999999995,22,58,0,10.0,0.0,True,12.0,1.0,1,0,0,0,0,0,0,1,0
24,P0024,33.54,6,5.3,65.42,40,52,0,2.0,0.0,False,11.0,0.0,0,1,0,0,0,0,1,0,0
25,P0025,11.2,4,0.26,164.63,23,127,0,9.0,0.0,False,4.0,6.0,1,0,0,0,0,0,0,1,0
26,P0026,14.51,4,10.7,39.31,93,76,0,6.0,2.0,True,2.0,1.0,0,0,1,0,0,0,0,0,1
27,P0027,26.57,2,0.0,2.35,94,144,0,10.0,9.0,True,1.0,2.0,1,0,0,0,0,0,1,0,0
28,P0028,-2.41,5,4.69,53.849999999999994,58,96,0,1.0,7.0,True,1.0,3.0,0,0,1,0,0,0,0,1,0
29,P0029,19.76,3,0.27,44.34,91,84,0,6.0,0.0,True,12.0,3.0,0,0,1,0,0,0,1,0,0
30,P0030,19.66,7,4.74,6.73,35,81,0,6.0,7.0,False,,,0,1,0,0,0,0,0,1,0
31,P0031,32.04,6,0.0,137.95,36,21,1,6.0,0.0,False,11.0,4.0,0,0,0,0,1,0,1,0,0
32,P0032,35.52,10,1.09,117.51,62,84,0,9.0,5.0,True,2.0,0.0,0,0,0,0,1,0,0,0,1
33,P0033,22.9,2,0.0,159.15,19,76,0,9.0,6.0,True,2.0,5.0,0,0,0,0,1,0,0,1,0
34,P0034,31.04,3,9.22,49.56,85,53,0,6.0,8.0,False,3.0,1.0,1,0,0,0,0,0,0,1,0
35,P0035,32.68,4,13.36,52.83,75,146,0,9.0,0.0,True,11.0,5.0,0,0,0,0,0,1,1,0,0
36,P0036,30.9,5,7.2,20.48,8,109,0,1.0,5.0,True,1.0,6.0,0,0,0,0,1,0,0,1,0
37,P0037,30.83,8,23.68,29.57,67,173,0,2.0,0.0,True,11.0,1.0,0,1,0,0,0,0,0,0,1
38,P0038,38.52,6,0.0,37.58,6,58,0,6.0,0.0,False,4.0,3.0,0,1,0,0,0,0,0,0,1
39,P0039,37.68,5,2.44,19.880000000000003,1,117,0,6.0,5.0,True,2.0,3.0,0,0,0,1,0,0,0,0,1
40,P0040,44.37,4,4.09,13.39,36,90,0,8.0,0.0,True,2.0,3.0,0,0,0,1,0,0,1,0,0
41,P0041,22.98,3,6.04,7.68,73,161,0,5.0,3.0,True,12.0,3.0,0,0,0,0,1,0,0,1,0
42,P0042,14.85,3,8.7,134.47,10,56,0,2.0,0.0,True,3.0,2.0,0,1,0,0,0,0,1,0,0
43,P0043,36.8,1,4.72,87.9,96,177,0,5.0,0.0,False,4.0,5.0,1,0,0,0,0,0,0,1,0
44,P0044,33.41,5,20.0,103.81,95,133,0,6.0,2.0,False,1.0,6.0,0,0,0,1,0,0,1,0,0
45,P0045,29.14,6,30.8,77.39,62,113,0,6.0,0.0,False,4.0,2.0,0,0,0,0,1,0,1,0,0
46,P0046,21.72,9,0.29,70.64,85,142,0,2.0,10.0,True,3.0,2.0,0,0,1,0,0,0,1,0,0
47,P0047,26.96,2,4.32,48.89,30,79,0,3.0,1.0,False,2.0,6.0,0,0,0,1,0,0,1,0,0
48,P0048,32.0,8,6.15,201.83,53,126,0,6.0,8.0,False,12.0,0.0,0,0,0,1,0,0,1,0,0
49,P0049,8.29,6,0.0,103.7,27,93,0,2.0,9.0,False,11.0,4.0,0,0,1,0,0,0,1,0,0
50,P0050,36.16,2,0.0,39.78,5,12,1,6.0,1.0,False,2.0,4.0,0,0,0,1,0,0,0,1,0
51,P0051,24.71,3,6.56,64.76,56,94,0,1.0,9.0,False,2.0,1.0,0,0,0,0,0,1,0,0,1
52,P0052,31.78,6,0.0,7.99,7,3,1,7.0,0.0,True,2.0,1.0,0,0,0,1,0,0,1,0,0
53,P0053,30.36,4,3.14,26.82,74,39,0,9.0,0.0,True,3.0,6.0,0,0,0,0,0,1,0,1,0
54,P0054,23.53,6,0.0,38.51,34,111,0,6.0,7.0,False,1.0,6.0,0,1,0,0,0,0,0,1,0
55,P0055,19.18,3,0.0,51.91,98,59,0,6.0,0.0,True,2.0,0.0,0,1,0,0,0,0,1,0,0
56,P0056,23.83,4,0.0,92.36,3,31,0,6.0,4.0,True,1.0,4.0,1,0,0,0,0,0,0,1,0
57,P0057,17.41,7,11.05,143.57000000000002,79,136,0,10.0,2.0,False,1.0,4.0,0,1,0,0,0,0,1,0,0
58,P0058,25.69,7,7.05,141.47,77,3,1,1.0,0.0,True,11.0,0.0,0,0,0,0,1,0,0,1,0
59,P0059,34.95,2,46.01,65.47,2,84,0,6.0,4.0,True,4.0,3.0,0,0,1,0,0,0,0,0,1
60,P0060,53.9,7,0.0,23.84,1,40,0,6.0,7.0,True,12.0,4.0,0,0,0,0,0,1,0,0,1
61,P0061,23.96,8,0.0,44.37,18,40,0,8.0,0.0,False,11.0,6.0,1,0,0,0,0,0,0,0,1
62,P0062,35.53,6,0.69,13.69,39,179,0,6.0,5.0,True,3.0,5.0,0,0,0,0,1,0,0,1,0
63,P0063,32.96,7,60.72,130.51999999999998,27,33,0,6.0,5.0,True,4.0,4.0,0,0,0,1,0,0,1,0,0
64,P0064,29.48,5,6.98,45.790000000000006,29,47,0,6.0,0.0,True,3.0,2.0,0,0,0,0,1,0,0,0,1
65,P0065,48.41,2,0.0,62.97,27,69,0,4.0,0.0,True,2.0,0.0,0,0,0,0,1,0,0,1,0
66,P0066,28.88,5,1.06,15.85,60,171,0,6.0,0.0,True,4.0,2.0,1,0,0,0,0,0,0,0,1
67,P0067,33.26,4,0.0,3.57,51,29,1,6.0,0.0,False,2.0,1.0,0,0,0,1,0,0,0,1,0
68,P0068,29.1,6,0.0,44.74,21,175,0,6.0,0.0,True,12.0,3.0,0,0,0,1,0,0,0,1,0
69,P0069,37.81,2,4.06,29.45,25,90,0,6.0,0.0,False,4.0,1.0,0,0,0,1,0,0,0,0,1
70,P0070,14.44,4,8.62,17.67,88,161,0,6.0,0.0,False,4.0,1.0,1,0,0,0,0,0,0,0,1
71,P0071,2.15,2,0.0,9.8,84,105,0,6.0,3.0,True,12.0,6.0,0,0,0,0,0,1,0,1,0
72,P0072,22.01,5,22.83,34.31,29,49,0,6.0,2.0,True,11.0,5.0,0,0,0,1,0,0,0,1,0
73,P0073,28.35,4,5.12,46.129999999999995,63,132,0,1.0,7.0,True,4.0,5.0,0,0,0,1,0,0,1,0,0
74,P0074,15.92,2,1.7,64.63,93,8,1,1.0,0.0,False,11.0,5.0,1,0,0,0,0,0,0,0,1
75,P0075,22.22,3,1.1,81.55,67,51,0,6.0,0.0,True,11.0,0.0,1,0,0,0,0,0,0,1,0
76,P0076,27.6,8,0.89,12.540000000000001,19,112,0,3.0,0.0,True,12.0,2.0,0,1,0,0,0,0,0,1,0
77,P0077,26.25,7,17.76,38.93000000000001,94,137,0,2.0,4.0,True,11.0,4.0,0,1,0,0,0,0,0,1,0
78,P0078,32.11,7,3.13,42.13,25,103,0,6.0,0.0,False,2.0,6.0,0,0,0,0,0,1,1,0,0
79,P0079,29.03,7,16.88,51.349999999999994,34,17,1,6.0,0.0,False,4.0,5.0,0,0,0,0,0,1,1,0,0
80,P0080,48.11,2,0.0,15.5,91,168,0,6.0,8.0,False,3.0,4.0,1,0,0,0,0,0,0,1,0
81,P0081,29.79,8,0.95,74.65,29,149,0,8.0,0.0,False,4.0,0.0,0,0,0,0,0,1,1,0,0
82,P0082,43.41,7,0.0,15.21,99,81,0,2.0,8.0,False,12.0,0.0,0,0,1,0,0,0,0,1,0
83,P0083,21.16,2,0.0,65.13,89,61,0,6.0,0.0,False,4.0,6.0,0,1,0,0,0,0,0,1,0
84,P0084,22.03,1,0.0,171.63,98,12,1,6.0,0.0,True,2.0,3.0,0,0,0,0,0,1,0,0,1
85,P0085,29.24,4,0.0,10.24,62,80,0,6.0,0.0,False,4.0,1.0,0,0,0,0,1,0,0,0,1
86,P0086,38.17,8,12.23,141.91,23,26,1,5.0,0.0,True,12.0,0.0,0,0,0,0,1,0,0,1,0
87,P0087,36.19,3,25.82,202.94,87,82,0,6.0,0.0,False,3.0,3.0,0,0,0,1,0,0,0,0,1
88,P0088,43.57,8,8.5,89.98,4,93,0,6.0,0.0,True,2.0,2.0,0,1,0,0,0,0,0,0,1
89,P0089,2.88,7,2.05,26.27,96,123,0,6.0,3.0,True,12.0,3.0,0,0,1,0,0,0,0,1,0
90,P0090,29.76,3,0.0,20.5,84,133,0,6.0,0.0,False,11.0,0.0,0,0,0,1,0,0,0,0,1
91,P0091,24.45,3,2.66,4.8100000000000005,65,73,0,6.0,0.0,True,11.0,5.0,0,0,0,0,1,0,0,0,1
92,P0092,19.29,7,1.83,238.3,59,72,0,4.0,0.0,True,11.0,5.0,0,0,0,0,0,1,1,0,0
93,P0093,36.83,4,0.0,10.32,3,120,0,6.0,4.0,True,4.0,6.0,0,0,1,0,0,0,0,1,0
94,P0094,44.21,4,0.0,38.5,73,68,0,5.0,0.0,True,12.0,0.0,0,0,0,0,1,0,0,1,0
95,P0095,24.29,4,19.12,20.92,79,40,0,6.0,4.0,True,3.0,3.0,1,0,0,0,0,0,0,0,1
96,P0096,20.94,1,0.0,59.49,48,90,0,2.0,0.0,False,1.0,3.0,0,1,0,0,0,0,0,0,1
97,P0097,39.75,4,0.0,107.24,62,93,0,3.0,9.0,False,3.0,5.0,0,0,0,0,1,0,0,1,0
98,P0098,48.65,6,1.75,22.07,45,89,0,6.0,0.0,False,4.0,2.0,0,0,1,0,0,0,0,1,0
99,P0099,38.2,5,21.13,21.39,32,107,0,5.0,0.0,False,3.0,4.0,0,0,1,0,0,0,0,1,0
100,P0100,33.69,2,3.38,51.36,17,104,0,6.0,7.0,False,1.0,2.0,0,0,1,0,0,0,0,0,1
101,P0101,26.07,3,5.66,97.33,28,60,0,6.0,0.0,False,1.0,2.0,0,1,0,0,0,0,0,1,0
102,P0102,31.76,3,8.73,29.95,90,120,0,6.0,1.0,True,1.0,1.0,0,0,0,0,1,0,0,1,0
103,P0103,34.09,6,0.0,86.16,79,160,0,6.0,0.0,False,1.0,0.0,0,0,0,1,0,0,0,0,1
104,P0104,24.45,6,2.49,6.79,78,84,0,6.0,0.0,True,4.0,6.0,0,0,0,0,1,0,0,0,1
105,P0105,48.81,5,0.0,50.88,6,147,0,6.0,4.0,True,4.0,6.0,0,0,1,0,0,0,0,0,1
106,P0106,29.54,3,10.55,33.53,15,27,1,6.0,8.0,False,2.0,2.0,0,0,1,0,0,0,1,0,0
107,P0107,32.43,7,25.36,73.3,46,15,1,9.0,0.0,True,11.0,2.0,0,0,0,0,0,1,0,0,1
108,P0108,33.75,3,0.0,43.61,2,88,0,6.0,0.0,False,3.0,5.0,0,0,0,0,1,0,0,1,0
109,P0109,22.43,8,30.5,149.7,11,179,0,6.0,0.0,False,11.0,0.0,0,0,0,0,1,0,0,1,0
110,P0110,29.96,3,0.0,19.76,2,33,0,9.0,0.0,True,1.0,0.0,0,0,0,1,0,0,0,0,1
111,P0111,18.42,7,0.0,55.49,75,61,0,6.0,0.0,False,1.0,4.0,0,1,0,0,0,0,1,0,0
112,P0112,30.6,8,0.0,84.99,26,127,0,6.0,8.0,False,3.0,3.0,0,0,1,0,0,0,1,0,0
113,P0113,23.53,6,3.99,35.75,45,136,0,6.0,4.0,True,3.0,4.0,0,0,0,0,1,0,0,1,0
114,P0114,29.76,8,0.31,15.21,76,49,0,6.0,9.0,True,12.0,2.0,0,0,0,1,0,0,0,1,0
115,P0115,51.42,5,20.18,63.4,36,117,0,6.0,3.0,True,1.0,0.0,0,0,0,1,0,0,0,0,1
116,P0116,13.67,6,0.0,62.91,94,87,0,10.0,0.0,False,12.0,4.0,0,0,0,1,0,0,0,0,1
117,P0117,24.27,6,4.45,49.39,70,145,0,9.0,8.0,True,2.0,2.0,0,0,1,0,0,0,0,1,0
118,P0118,40.47,1,9.13,34.39,23,47,0,10.0,0.0,True,12.0,6.0,0,0,0,1,0,0,1,0,0
119,P0119,27.05,4,5.97,50.29,76,1,1,6.0,0.0,False,4.0,1.0,0,0,0,0,1,0,0,0,1
120,P0120,38.47,6,3.14,6.08,37,20,1,10.0,0.0,True,1.0,5.0,0,0,0,0,1,0,0,1,0
121,P0121,42.23,5,0.0,8.03,53,43,0,2.0,8.0,True,2.0,1.0,0,0,0,1,0,0,0,1,0
122,P0122,39.16,5,3.68,64.66,8,85,0,6.0,0.0,True,11.0,5.0,0,1,0,0,0,0,1,0,0
123,P0123,33.46,9,20.32,62.59,76,72,0,6.0,3.0,True,2.0,2.0,1,0,0,0,0,0,0,0,1
124,P0124,19.23,6,37.8,63.92,48,13,1,9.0,0.0,True,2.0,1.0,0,0,0,1,0,0,0,1,0
125,P0125,36.68,10,0.0,6.4,54,89,0,6.0,0.0,True,1.0,5.0,1,0,0,0,0,0,0,1,0
126,P0126,17.22,5,0.76,47.01,78,74,0,6.0,0.0,True,2.0,0.0,0,0,0,0,1,0,1,0,0
127,P0127,13.56,4,0.0,20.87,12,133,0,6.0,0.0,False,2.0,3.0,0,0,0,0,0,1,0,1,0
128,P0128,28.5,8,30.94,84.11,51,15,1,6.0,0.0,False,4.0,1.0,0,0,0,0,0,1,1,0,0
129,P0129,13.66,4,0.0,55.45,29,156,0,3.0,0.0,True,12.0,0.0,0,0,0,0,1,0,1,0,0
130,P0130,39.18,4,11.43,21.439999999999998,13,159,0,6.0,0.0,True,4.0,4.0,0,1,0,0,0,0,0,0,1
131,P0131,14.29,4,16.91,40.29,45,106,0,7.0,0.0,False,3.0,0.0,0,0,0,0,1,0,0,1,0
132,P0132,30.49,6,0.0,13.52,37,68,0,2.0,7.0,False,5.0,3.0,0,0,0,0,1,0,0,0,1
133,P0133,30.41,5,8.83,18.03,99,108,0,6.0,0.0,False,4.0,2.0,0,0,0,0,1,0,0,1,0
134,P0134,28.15,3,0.0,13.19,78,77,0,9.0,0.0,True,11.0,0.0,0,0,1,0,0,0,0,0,1
135,P0135,28.7,8,0.0,5.5,90,102,0,6.0,0.0,False,3.0,1.0,0,0,0,0,0,1,0,0,1
136,P0136,22.51,6,0.0,89.15,60,5,1,5.0,0.0,False,4.0,5.0,0,0,0,0,1,0,1,0,0
137,P0137,38.68,9,0.0,31.29,8,150,0,10.0,3.0,False,1.0,5.0,0,0,0,0,0,1,1,0,0
138,P0138,31.1,5,3.58,202.37,3,144,0,7.0,2.0,False,11.0,2.0,0,0,0,0,1,0,0,1,0
139,P0139,33.78,7,14.08,20.91,16,38,0,6.0,0.0,False,12.0,3.0,0,0,1,0,0,0,0,1,0
140,P0140,23.18,5,28.54,131.85,6,163,0,6.0,0.0,True,12.0,4.0,0,0,0,0,1,0,0,0,1
141,P0141,18.26,7,7.6,71.5,67,80,0,7.0,3.0,False,11.0,3.0,0,0,0,0,1,0,1,0,0
142,P0142,24.54,1,2.53,160.23,82,10,1,6.0,1.0,False,12.0,0.0,0,0,0,0,1,0,0,0,1
143,P0143,39.81,6,6.98,32.41,25,141,0,6.0,1.0,False,3.0,1.0,0,0,0,1,0,0,0,1,0
144,P0144,35.08,4,0.0,51.2,93,43,0,6.0,0.0,False,11.0,1.0,0,0,0,0,0,1,0,0,1
145,P0145,30.54,3,0.0,3.0,11,178,0,6.0,8.0,False,3.0,3.0,1,0,0,0,0,0,0,1,0
146,P0146,17.69,3,11.76,59.879999999999995,4,103,0,6.0,0.0,True,1.0,6.0,0,0,0,0,1,0,0,0,1
147,P0147,27.4,3,0.0,94.2,50,63,0,6.0,3.0,False,2.0,2.0,0,0,0,0,0,1,1,0,0
148,P0148,47.15,4,33.19,47.48,62,149,0,6.0,5.0,False,11.0,4.0,0,0,1,0,0,0,0,1,0
149,P0149,19.41,4,0.12,13.92,85,82,0,6.0,0.0,False,4.0,0.0,0,1,0,0,0,0,1,0,0
150,P0150,16.12,4,20.0,33.95,82,157,0,6.0,0.0,False,3.0,2.0,0,0,1,0,0,0,0,0,1
151,P0151,22.38,9,0.0,116.02,21,28,1,6.0,1.0,True,4.0,0.0,0,0,0,0,1,0,0,1,0
152,P0152,20.51,6,0.49,2.4299999999999997,87,43,0,1.0,0.0,True,2.0,3.0,0,0,0,0,1,0,1,0,0
153,P0153,8.38,1,0.0,156.75,21,58,0,4.0,0.0,False,11.0,4.0,0,0,0,1,0,0,1,0,0
154,P0154,23.89,4,0.0,4.31,92,81,0,6.0,7.0,True,3.0,6.0,0,0,1,0,0,0,0,0,1
155,P0155,41.95,3,9.55,84.05,41,122,0,6.0,1.0,False,3.0,3.0,0,1,0,0,0,0,1,0,0
156,P0156,22.19,6,0.45,6.32,18,153,0,6.0,0.0,False,3.0,2.0,0,1,0,0,0,0,1,0,0
157,P0157,26.29,5,6.85,7.489999999999999,21,122,0,7.0,6.0,False,3.0,5.0,0,0,0,0,1,0,0,0,1
158,P0158,38.38,9,0.0,9.01,29,27,1,6.0,0.0,False,11.0,3.0,0,0,1,0,0,0,0,1,0
159,P0159,21.86,6,1.64,6.56,25,128,0,6.0,7.0,True,2.0,3.0,0,0,0,1,0,0,1,0,0
160,P0160,27.5,5,0.0,11.41,10,149,0,6.0,0.0,True,3.0,4.0,0,0,0,0,1,0,0,1,0
161,P0161,29.8,4,0.0,71.56,54,12,1,1.0,0.0,False,12.0,1.0,0,0,0,0,1,0,0,0,1
162,P0162,28.79,5,5.95,69.97,24,154,0,5.0,5.0,False,3.0,6.0,1,0,0,0,0,0,0,1,0
163,P0163,34.2,2,0.0,48.33,4,57,0,4.0,0.0,False,11.0,6.0,0,1,0,0,0,0,0,1,0
164,P0164,24.48,5,0.0,56.42,82,147,0,3.0,0.0,False,2.0,1.0,0,0,0,0,1,0,0,1,0
165,P0165,55.58,7,4.68,11.21,55,146,0,4.0,0.0,False,3.0,5.0,0,0,1,0,0,0,0,1,0
166,P0166,45.13,7,0.0,91.57,75,103,0,6.0,0.0,False,12.0,0.0,0,0,0,1,0,0,1,0,0
167,P0167,36.31,4,0.24,89.33999999999999,70,81,0,3.0,4.0,False,2.0,1.0,0,0,1,0,0,0,0,0,1
168,P0168,24.17,6,23.43,143.49,24,57,0,4.0,0.0,True,3.0,5.0,0,0,1,0,0,0,1,0,0
169,P0169,16.99,2,5.09,133.04,89,36,0,6.0,0.0,False,12.0,1.0,0,0,0,0,0,1,0,0,1
170,P0170,29.0,4,0.0,71.23,89,70,0,9.0,0.0,True,11.0,1.0,0,0,1,0,0,0,0,1,0
171,P0171,27.96,1,23.69,31.19,68,178,0,6.0,0.0,True,3.0,6.0,0,0,1,0,0,0,0,1,0
172,P0172,37.37,5,5.43,20.5,57,165,0,6.0,0.0,True,2.0,5.0,0,1,0,0,0,0,1,0,0
173,P0173,27.19,6,4.3,10.36,50,117,0,4.0,0.0,False,4.0,1.0,0,0,1,0,0,0,1,0,0
174,P0174,32.64,8,18.77,46.76,5,2,1,6.0,8.0,False,3.0,6.0,0,0,1,0,0,0,0,1,0
175,P0175,24.1,5,7.18,89.28,10,99,0,6.0,0.0,False,1.0,3.0,0,0,1,0,0,0,0,0,1
176,P0176,23.54,4,21.02,126.86,92,14,1,9.0,0.0,True,1.0,4.0,1,0,0,0,0,0,0,0,1
177,P0177,22.01,3,6.23,126.2,97,42,0,6.0,2.0,False,1.0,3.0,0,0,1,0,0,0,0,1,0
178,P0178,32.99,7,8.62,58.96,55,137,0,6.0,1.0,True,3.0,2.0,0,0,0,1,0,0,1,0,0
179,P0179,22.48,6,41.06,48.64,1,8,1,5.0,10.0,True,11.0,4.0,0,0,0,0,1,0,1,0,0
180,P0180,40.03,7,0.0,64.58,34,4,1,6.0,9.0,False,12.0,4.0,0,0,1,0,0,0,0,1,0
181,P0181,23.72,2,0.0,41.02,97,25,1,4.0,1.0,False,11.0,1.0,0,1,0,0,0,0,0,1,0
182,P0182,24.76,7,10.55,29.400000000000002,88,131,0,10.0,4.0,True,2.0,0.0,0,1,0,0,0,0,1,0,0
183,P0183,17.43,3,23.58,90.87,82,58,0,9.0,6.0,False,4.0,2.0,0,0,1,0,0,0,1,0,0
184,P0184,14.82,7,0.72,10.33,73,148,0,1.0,7.0,False,2.0,1.0,0,0,0,0,1,0,1,0,0
185,P0185,42.44,1,4.16,104.8,47,38,0,5.0,0.0,True,4.0,1.0,0,0,0,0,0,1,0,0,1
186,P0186,24.97,6,20.73,20.740000000000002,59,91,0,6.0,0.0,True,4.0,4.0,0,0,0,0,1,0,0,1,0
187,P0187,44.44,3,5.32,86.38,84,113,0,6.0,7.0,False,4.0,6.0,0,0,0,0,1,0,0,0,1
188,P0188,33.32,6,32.92,97.77,19,175,0,6.0,7.0,True,3.0,1.0,0,0,0,0,0,1,1,0,0
189,P0189,31.9,4,6.33,24.25,75,53,0,6.0,0.0,False,12.0,1.0,0,1,0,0,0,0,0,0,1
190,P0190,40.5,6,0.82,14.51,48,158,0,3.0,10.0,True,3.0,6.0,0,0,0,0,0,1,0,1,0
191,P0191,21.36,6,0.99,121.17999999999999,68,35,0,6.0,0.0,False,2.0,4.0,0,0,0,0,1,0,0,0,1
192,P0192,31.9,7,9.34,59.230000000000004,20,157,0,6.0,0.0,False,11.0,4.0,0,0,0,0,1,0,0,0,1
193,P0193,40.01,5,3.17,35.190000000000005,1,72,0,6.0,5.0,True,2.0,6.0,0,0,0,1,0,0,0,0,1
194,P0194,28.94,3,3.24,181.19,93,109,0,6.0,2.0,True,3.0,3.0,0,0,1,0,0,0,1,0,0
195,P0195,28.16,4,0.0,0.28,46,113,0,6.0,0.0,True,4.0,5.0,0,0,1,0,0,0,0,1,0
196,P0196,25.15,4,0.0,16.27,88,37,0,1.0,8.0,True,3.0,1.0,0,0,0,1,0,0,0,1,0
197,P0197,37.75,4,11.25,13.54,11,77,0,6.0,0.0,True,4.0,0.0,0,0,0,0,0,1,1,0,0
198,P0198,11.97,7,0.0,50.59,87,158,0,6.0,0.0,False,12.0,1.0,0,0,0,1,0,0,0,1,0
199,P0199,14.16,5,0.0,6.45,28,168,0,6.0,0.0,False,2.0,4.0,0,0,0,0,1,0,1,0,0
200,P0200,35.12,4,10.11,132.37,39,28,1,6.0,3.0,True,12.0,2.0,0,0,0,0,1,0,1,0,0
201,P0201,28.32,9,5.1,125.57,62,49,0,9.0,0.0,False,2.0,3.0,0,0,0,0,1,0,1,0,0
202,P0202,40.48,5,0.0,24.24,67,156,0,6.0,0.0,True,2.0,6.0,0,0,0,0,0,1,0,0,1
203,P0203,26.65,7,0.0,28.15,68,165,0,8.0,0.0,False,12.0,1.0,0,0,0,0,1,0,1,0,0
204,P0204,20.36,3,0.74,27.09,49,113,0,6.0,0.0,False,12.0,2.0,0,0,0,0,0,1,0,1,0
205,P0205,25.7,5,0.0,178.82,30,120,0,6.0,10.0,False,12.0,4.0,1,0,0,0,0,0,0,1,0
206,P0206,18.85,4,3.76,11.71,30,170,0,5.0,9.0,False,2.0,0.0,0,0,0,0,0,1,0,1,0
207,P0207,30.98,7,0.0,162.38,17,109,0,6.0,3.0,False,2.0,5.0,0,0,0,0,1,0,1,0,0
208,P0208,29.82,4,0.0,87.67,51,85,0,6.0,0.0,True,1.0,2.0,0,0,0,1,0,0,0,0,1
209,P0209,33.97,5,6.71,32.4,17,99,0,2.0,0.0,True,11.0,2.0,0,1,0,0,0,0,0,0,1
210,P0210,40.65,6,0.0,44.95,98,11,1,6.0,0.0,True,4.0,3.0,0,0,0,0,1,0,0,1,0
211,P0211,23.66,4,20.96,165.12,17,115,0,6.0,0.0,False,3.0,0.0,0,0,1,0,0,0,0,1,0
212,P0212,29.87,6,0.0,35.8,81,179,0,6.0,10.0,False,1.0,0.0,0,0,1,0,0,0,0,0,1
213,P0213,33.91,6,19.24,48.16,97,96,0,8.0,2.0,False,3.0,2.0,0,0,1,0,0,0,1,0,0
214,P0214,18.98,2,0.0,66.22,96,22,1,6.0,0.0,True,4.0,6.0,0,0,0,0,1,0,0,1,0
215,P0215,21.5,10,0.0,261.52,71,30,0,7.0,2.0,False,11.0,4.0,0,0,1,0,0,0,1,0,0
216,P0216,37.25,8,6.69,10.73,4,158,0,6.0,10.0,True,11.0,2.0,0,0,1,0,0,0,0,1,0
217,P0217,35.16,4,0.0,155.18,16,66,0,8.0,0.0,True,4.0,2.0,0,1,0,0,0,0,0,0,1
218,P0218,44.55,2,5.16,22.66,34,39,0,6.0,0.0,False,1.0,3.0,0,0,0,0,0,1,0,0,1
219,P0219,30.03,3,0.0,43.76,39,65,0,6.0,0.0,False,1.0,2.0,0,1,0,0,0,0,0,0,1
220,P0220,25.94,8,6.22,19.59,53,152,0,6.0,0.0,False,4.0,1.0,0,0,0,0,1,0,0,0,1
221,P0221,16.17,4,0.0,7.18,98,127,0,6.0,0.0,True,4.0,0.0,0,0,0,0,1,0,1,0,0
222,P0222,23.74,4,2.83,70.36,29,156,0,9.0,0.0,True,3.0,6.0,0,0,0,0,1,0,0,0,1
223,P0223,30.15,7,27.54,83.75999999999999,17,157,0,1.0,10.0,False,1.0,6.0,0,0,1,0,0,0,0,1,0
224,P0224,34.62,3,3.26,10.2,68,175,0,9.0,8.0,True,11.0,6.0,0,0,1,0,0,0,0,0,1
225,P0225,39.03,3,4.46,161.56,28,41,0,6.0,1.0,False,4.0,3.0,1,0,0,0,0,0,0,1,0
226,P0226,42.71,0,0.0,97.93,13,141,0,6.0,1.0,False,1.0,3.0,0,0,1,0,0,0,0,0,1
227,P0227,36.31,6,0.0,17.5,88,8,1,6.0,0.0,False,5.0,4.0,0,0,1,0,0,0,0,0,1
228,P0228,21.3,6,0.0,2.99,54,138,0,5.0,0.0,False,11.0,2.0,0,1,0,0,0,0,0,0,1
229,P0229,41.25,6,13.33,33.37,12,116,0,8.0,0.0,False,3.0,1.0,0,0,0,0,1,0,1,0,0
230,P0230,44.12,3,19.46,62.29,42,175,0,9.0,0.0,False,3.0,2.0,0,0,1,0,0,0,1,0,0
231,P0231,24.49,4,0.0,12.63,57,126,0,5.0,0.0,False,3.0,0.0,0,0,0,0,1,0,0,0,1
232,P0232,40.28,6,22.97,84.89,29,98,0,2.0,6.0,False,11.0,5.0,1,0,0,0,0,0,1,0,0
233,P0233,31.31,9,12.93,61.27,57,26,1,9.0,0.0,True,2.0,5.0,0,0,1,0,0,0,0,1,0
234,P0234,18.63,9,0.0,3.13,46,26,1,1.0,0.0,True,3.0,5.0,0,0,0,0,1,0,1,0,0
235,P0235,20.61,1,5.94,13.15,50,166,0,2.0,0.0,False,3.0,2.0,0,0,0,0,1,0,0,0,1
236,P0236,24.7,5,1.81,31.299999999999997,44,108,0,6.0,0.0,True,2.0,5.0,0,0,0,0,0,1,1,0,0
237,P0237,32.25,11,5.74,50.760000000000005,55,102,0,6.0,0.0,False,3.0,5.0,0,0,1,0,0,0,0,1,0
238,P0238,34.26,5,10.98,19.86,88,86,0,6.0,8.0,True,4.0,5.0,0,0,0,0,1,0,0,1,0
239,P0239,30.19,5,16.51,26.3,55,176,0,6.0,4.0,True,4.0,5.0,0,0,0,1,0,0,1,0,0
240,P0240,24.43,1,23.17,31.520000000000003,27,34,0,6.0,0.0,True,12.0,5.0,0,0,0,1,0,0,1,0,0
241,P0241,15.43,3,14.04,139.35,91,90,0,1.0,0.0,False,1.0,3.0,0,0,0,0,1,0,1,0,0
242,P0242,11.6,7,0.0,156.54,22,98,0,6.0,8.0,False,1.0,1.0,0,0,0,0,1,0,0,0,1
243,P0243,46.1,7,0.0,112.26,71,154,0,6.0,4.0,False,4.0,1.0,0,0,1,0,0,0,0,0,1
244,P0244,44.11,4,0.0,20.14,46,156,0,6.0,10.0,False,11.0,3.0,0,1,0,0,0,0,1,0,0
245,P0245,25.95,6,0.0,59.15,24,24,1,10.0,3.0,False,2.0,1.0,0,0,0,0,0,1,0,1,0
246,P0246,12.21,2,14.5,14.5,60,54,0,6.0,4.0,False,4.0,4.0,1,0,0,0,0,0,1,0,0
247,P0247,33.2,3,0.0,28.77,51,86,0,4.0,0.0,False,2.0,4.0,1,0,0,0,0,0,0,0,1
248,P0248,38.12,7,4.11,388.75,100,39,0,6.0,5.0,True,4.0,5.0,0,0,1,0,0,0,1,0,0
249,P0249,43.38,4,12.36,21.52,9,139,0,6.0,5.0,False,11.0,2.0,0,1,0,0,0,0,0,0,1
250,P0250,36.5,5,4.61,139.71,88,104,0,6.0,10.0,True,12.0,2.0,0,1,0,0,0,0,0,1,0
251,P0251,14.97,4,0.0,1.57,41,73,0,6.0,0.0,False,2.0,4.0,0,0,0,0,1,0,0,0,1
252,P0252,20.58,5,6.59,41.92,96,128,0,6.0,1.0,True,2.0,4.0,0,0,0,0,1,0,0,0,1
253,P0253,34.54,2,0.0,79.86,33,14,1,6.0,6.0,False,12.0,2.0,0,0,1,0,0,0,1,0,0
254,P0254,37.74,7,0.0,80.47,99,147,0,10.0,8.0,False,1.0,6.0,0,0,0,0,0,1,0,1,0
255,P0255,19.99,5,0.0,14.42,56,119,0,3.0,1.0,False,4.0,5.0,0,0,0,0,1,0,0,0,1
256,P0256,30.7,4,0.0,65.97,78,69,0,6.0,0.0,True,3.0,1.0,0,0,0,1,0,0,0,1,0
257,P0257,23.6,5,0.0,23.41,68,33,0,4.0,0.0,False,4.0,5.0,1,0,0,0,0,0,0,0,1
258,P0258,24.41,7,5.98,194.82,66,6,1,6.0,0.0,False,1.0,1.0,0,0,1,0,0,0,0,0,1
259,P0259,33.4,5,0.77,47.27,98,89,0,6.0,0.0,False,4.0,4.0,0,0,1,0,0,0,1,0,0
260,P0260,39.48,3,30.25,47.89,54,148,0,6.0,3.0,False,3.0,2.0,0,0,1,0,0,0,0,1,0
261,P0261,17.14,5,0.0,29.95,96,48,0,6.0,0.0,False,1.0,2.0,0,0,1,0,0,0,1,0,0
262,P0262,13.52,0,1.91,8.14,89,10,1,6.0,0.0,True,3.0,0.0,0,0,0,0,1,0,1,0,0
263,P0263,31.69,7,8.74,23.33,36,83,0,6.0,9.0,True,1.0,6.0,0,0,1,0,0,0,0,1,0
264,P0264,41.24,4,5.68,10.54,85,127,0,9.0,3.0,True,12.0,6.0,0,0,0,0,1,0,0,0,1
265,P0265,26.66,2,0.0,44.51,17,43,0,9.0,0.0,False,3.0,1.0,0,0,0,0,0,1,1,0,0
266,P0266,38.08,4,0.0,14.28,69,43,0,2.0,0.0,False,1.0,6.0,0,0,0,0,1,0,0,1,0
267,P0267,20.27,5,4.05,112.17999999999999,19,164,0,8.0,0.0,False,2.0,0.0,0,0,1,0,0,0,0,0,1
268,P0268,44.17,5,0.0,38.65,60,28,1,1.0,5.0,True,2.0,0.0,0,0,1,0,0,0,0,1,0
269,P0269,36.81,5,0.0,89.68,40,164,0,2.0,0.0,False,11.0,0.0,0,0,0,0,0,1,0,1,0
270,P0270,24.5,2,6.98,9.870000000000001,54,88,0,6.0,0.0,True,11.0,4.0,0,0,0,0,0,1,1,0,0
271,P0271,38.6,5,0.73,11.0,21,109,0,6.0,2.0,False,4.0,0.0,0,0,1,0,0,0,1,0,0
272,P0272,26.69,5,17.63,95.49,55,46,0,6.0,0.0,True,3.0,4.0,0,0,1,0,0,0,0,1,0
273,P0273,23.88,5,4.99,45.29,35,39,0,6.0,0.0,True,2.0,6.0,0,0,0,1,0,0,0,0,1
274,P0274,34.18,7,11.84,24.88,23,45,0,1.0,0.0,True,3.0,4.0,0,0,1,0,0,0,1,0,0
275,P0275,38.47,0,12.68,78.59,18,94,0,6.0,5.0,True,12.0,1.0,0,0,1,0,0,0,0,1,0
276,P0276,22.9,4,0.0,2.97,19,118,0,6.0,0.0,False,2.0,2.0,0,0,1,0,0,0,0,0,1
277,P0277,17.41,8,7.91,50.739999999999995,93,176,0,1.0,0.0,False,4.0,1.0,0,0,1,0,0,0,1,0,0
278,P0278,26.64,5,7.09,34.260000000000005,62,17,1,9.0,10.0,False,3.0,0.0,0,0,1,0,0,0,1,0,0
279,P0279,22.11,5,12.85,51.21,65,93,0,6.0,5.0,True,3.0,4.0,0,0,0,0,1,0,1,0,0
280,P0280,29.47,7,0.0,24.54,18,179,0,6.0,7.0,False,12.0,6.0,0,0,1,0,0,0,0,1,0
281,P0281,42.24,6,4.71,86.14,79,20,1,6.0,2.0,False,2.0,3.0,1,0,0,0,0,0,0,1,0
282,P0282,23.65,3,12.83,66.29,96,91,0,2.0,0.0,False,12.0,4.0,0,0,1,0,0,0,0,1,0
283,P0283,18.1,3,0.0,2.49,36,136,0,6.0,9.0,False,1.0,6.0,0,0,0,0,1,0,1,0,0
284,P0284,42.07,3,2.32,64.77,59,71,0,6.0,0.0,False,12.0,1.0,0,0,0,0,1,0,0,0,1
285,P0285,57.5,9,12.6,28.4,8,104,0,6.0,7.0,True,11.0,6.0,1,0,0,0,0,0,0,1,0
286,P0286,40.34,7,31.82,60.019999999999996,62,38,0,6.0,2.0,False,4.0,4.0,0,1,0,0,0,0,0,0,1
287,P0287,32.85,6,9.05,24.42,53,132,0,6.0,0.0,False,11.0,6.0,0,1,0,0,0,0,0,0,1
288,P0288,20.51,2,0.34,106.02000000000001,35,79,0,5.0,0.0,True,1.0,4.0,0,1,0,0,0,0,0,0,1
289,P0289,44.35,7,0.0,4.95,8,75,0,1.0,5.0,True,1.0,3.0,0,0,0,0,0,1,1,0,0
290,P0290,54.49,6,0.84,19.55,86,166,0,6.0,1.0,True,1.0,6.0,0,0,0,0,1,0,0,0,1
291,P0291,18.24,4,27.87,54.66,10,83,0,9.0,3.0,False,2.0,6.0,0,0,1,0,0,0,0,1,0
292,P0292,47.69,7,54.33,252.81,4,113,0,6.0,3.0,True,4.0,0.0,0,0,0,0,0,1,0,0,1
293,P0293,25.08,9,10.34,193.3,54,150,0,3.0,0.0,False,11.0,5.0,0,0,0,0,1,0,0,1,0
294,P0294,42.31,5,0.0,0.97,33,119,0,6.0,0.0,True,12.0,0.0,0,0,0,0,1,0,1,0,0
295,P0295,46.85,9,0.0,4.99,43,150,0,6.0,0.0,False,2.0,0.0,0,0,1,0,0,0,0,0,1
296,P0296,32.07,9,2.24,14.42,81,119,0,9.0,0.0,False,2.0,4.0,0,0,1,0,0,0,1,0,0
297,P0297,37.38,5,11.07,122.30000000000001,29,147,0,6.0,1.0,True,11.0,4.0,0,0,1,0,0,0,0,0,1
298,P0298,18.06,3,0.0,28.85,84,131,0,6.0,0.0,True,3.0,6.0,0,0,1,0,0,0,0,0,1
299,P0299,26.99,6,1.39,16.21,49,164,0,4.0,4.0,True,12.0,3.0,1,0,0,0,0,0,0,1,0
300,P0300,38.51,4,0.0,0.16,60,87,0,6.0,0.0,True,4.0,4.0,0,1,0,0,0,0,0,1,0
301,P0301,45.01,3,5.42,36.08,13,89,0,6.0,2.0,False,11.0,5.0,0,1,0,0,0,0,0,0,1
302,P0302,31.74,3,0.0,31.83,73,76,0,6.0,0.0,False,2.0,0.0,0,0,0,1,0,0,0,1,0
303,P0303,19.61,4,0.0,26.91,96,62,0,8.0,0.0,False,12.0,5.0,0,0,0,0,1,0,0,0,1
304,P0304,30.43,8,19.29,28.32,67,156,0,3.0,5.0,False,4.0,4.0,0,0,0,0,1,0,0,1,0
305,P0305,43.45,6,15.98,38.879999999999995,59,76,0,6.0,10.0,True,2.0,1.0,0,1,0,0,0,0,0,1,0
306,P0306,34.02,3,20.72,35.08,22,132,0,10.0,1.0,True,12.0,0.0,0,0,0,0,1,0,0,1,0
307,P0307,34.68,2,3.08,43.489999999999995,77,17,1,6.0,9.0,False,3.0,5.0,0,0,0,0,0,1,0,0,1
308,P0308,31.42,3,14.81,75.42999999999999,2,145,0,7.0,1.0,False,1.0,4.0,0,0,0,0,0,1,0,1,0
309,P0309,35.75,3,0.0,11.44,55,81,0,8.0,0.0,False,12.0,0.0,0,0,0,0,0,1,0,1,0
310,P0310,37.68,3,8.01,36.839999999999996,54,111,0,6.0,0.0,True,1.0,3.0,0,0,1,0,0,0,0,1,0
311,P0311,32.15,6,25.56,85.03,42,115,0,7.0,0.0,False,4.0,5.0,1,0,0,0,0,0,0,0,1
312,P0312,18.43,8,3.32,30.43,88,49,0,6.0,0.0,False,12.0,6.0,1,0,0,0,0,0,0,1,0
313,P0313,36.06,3,0.0,52.98,56,28,1,6.0,0.0,False,11.0,6.0,0,0,0,1,0,0,0,0,1
314,P0314,21.11,2,0.0,62.95,100,83,0,10.0,0.0,False,11.0,1.0,0,1,0,0,0,0,0,0,1
315,P0315,39.55,3,47.91,86.85,76,114,0,4.0,0.0,False,11.0,4.0,0,0,0,1,0,0,0,1,0
316,P0316,33.24,5,10.84,80.39,64,104,0,10.0,2.0,True,12.0,1.0,0,1,0,0,0,0,1,0,0
317,P0317,18.52,4,0.0,11.94,53,44,0,10.0,0.0,False,1.0,1.0,1,0,0,0,0,0,0,1,0
318,P0318,26.16,4,13.08,153.93,21,84,0,1.0,3.0,True,4.0,1.0,0,0,0,0,0,1,1,0,0
319,P0319,39.54,4,3.57,48.9,46,25,1,6.0,0.0,True,12.0,0.0,0,0,0,0,1,0,0,1,0
320,P0320,31.23,10,0.0,0.54,75,61,0,5.0,9.0,True,4.0,3.0,0,0,0,1,0,0,0,0,1
321,P0321,19.91,4,0.7,45.870000000000005,65,104,0,3.0,10.0,False,2.0,4.0,0,0,0,0,1,0,1,0,0
322,P0322,20.48,6,34.97,63.18,34,31,0,6.0,8.0,True,1.0,3.0,0,0,0,0,0,1,1,0,0
323,P0323,30.77,5,4.45,91.19,81,22,1,6.0,0.0,False,4.0,3.0,0,0,0,1,0,0,0,1,0
324,P0324,17.13,3,6.29,39.19,6,163,0,6.0,0.0,True,3.0,5.0,0,0,0,0,0,1,1,0,0
325,P0325,16.03,4,0.0,56.85,58,49,0,6.0,0.0,True,11.0,6.0,0,0,1,0,0,0,0,0,1
326,P0326,36.4,7,0.0,13.67,15,19,1,6.0,0.0,True,12.0,0.0,0,0,0,0,1,0,0,1,0
327,P0327,31.49,4,3.85,32.68,71,107,0,2.0,0.0,True,3.0,5.0,0,0,0,0,1,0,0,0,1
328,P0328,45.96,4,8.13,9.610000000000001,16,132,0,10.0,1.0,False,1.0,2.0,0,1,0,0,0,0,1,0,0
329,P0329,26.43,9,9.94,35.75,74,146,0,6.0,0.0,False,12.0,3.0,0,0,0,0,1,0,1,0,0
330,P0330,25.11,3,28.68,42.21,4,93,0,7.0,5.0,True,2.0,6.0,0,0,0,0,1,0,0,0,1
331,P0331,43.49,6,0.0,2.0,67,106,0,6.0,3.0,False,12.0,1.0,0,0,0,0,0,1,0,0,1
332,P0332,18.8,5,0.0,48.29,77,3,1,9.0,0.0,True,2.0,1.0,0,0,1,0,0,0,0,1,0
333,P0333,22.61,4,21.81,49.03,87,30,0,6.0,0.0,False,12.0,1.0,0,0,0,0,0,1,0,1,0
334,P0334,26.99,4,0.17,54.36,48,10,1,3.0,0.0,False,4.0,0.0,1,0,0,0,0,0,1,0,0
335,P0335,17.91,3,0.0,13.16,64,2,1,9.0,9.0,True,12.0,6.0,0,0,1,0,0,0,0,1,0
336,P0336,28.42,8,0.06,3.25,27,27,1,8.0,0.0,True,1.0,4.0,0,0,1,0,0,0,0,1,0
337,P0337,29.74,3,5.28,14.2,63,120,0,6.0,0.0,True,12.0,1.0,0,0,0,0,0,1,1,0,0
338,P0338,15.58,8,2.44,14.139999999999999,37,27,1,7.0,0.0,False,1.0,1.0,0,0,0,0,0,1,0,1,0
339,P0339,38.57,5,0.0,87.83,30,45,0,3.0,6.0,False,4.0,1.0,0,0,0,0,1,0,0,1,0
340,P0340,23.77,4,0.0,5.89,38,70,0,4.0,8.0,False,1.0,2.0,0,0,1,0,0,0,0,1,0
341,P0341,37.45,3,10.68,48.98,22,68,0,2.0,0.0,False,1.0,2.0,0,0,0,0,1,0,0,0,1
342,P0342,32.46,3,7.07,57.86,95,32,0,6.0,0.0,True,12.0,0.0,0,0,0,0,1,0,0,0,1
343,P0343,0.47,5,27.25,85.66,1,139,0,7.0,4.0,False,12.0,2.0,0,1,0,0,0,0,0,1,0
344,P0344,20.48,4,38.7,94.72,67,12,1,3.0,9.0,False,11.0,5.0,0,1,0,0,0,0,0,1,0
345,P0345,23.23,3,0.01,23.76,28,25,1,6.0,0.0,True,12.0,4.0,0,0,0,0,0,1,0,1,0
346,P0346,36.19,3,0.0,46.57,84,107,0,6.0,1.0,True,12.0,2.0,1,0,0,0,0,0,0,0,1
347,P0347,16.84,3,0.28,49.02,98,176,0,4.0,6.0,True,2.0,5.0,0,0,0,0,1,0,0,1,0
348,P0348,19.29,5,22.11,65.12,24,149,0,6.0,4.0,True,12.0,0.0,0,0,1,0,0,0,1,0,0
349,P0349,49.11,6,7.45,67.29,100,96,0,1.0,3.0,True,2.0,6.0,0,0,0,0,1,0,0,0,1
350,P0350,43.04,4,1.37,30.57,78,140,0,6.0,0.0,True,2.0,5.0,0,0,0,1,0,0,1,0,0
351,P0351,48.39,3,17.81,143.1,98,5,1,4.0,0.0,False,4.0,5.0,0,0,0,1,0,0,1,0,0
352,P0352,38.81,1,12.45,34.5,83,110,0,6.0,0.0,False,11.0,6.0,0,0,0,1,0,0,1,0,0
353,P0353,37.21,10,6.54,13.969999999999999,96,75,0,6.0,0.0,False,3.0,0.0,0,0,0,0,1,0,0,0,1
354,P0354,44.19,9,0.0,7.15,3,163,0,5.0,0.0,True,12.0,0.0,0,0,0,0,1,0,1,0,0
355,P0355,5.12,4,52.37,57.22,43,141,0,9.0,0.0,True,3.0,2.0,1,0,0,0,0,0,0,0,1
356,P0356,29.19,5,3.54,19.82,9,20,1,8.0,0.0,True,2.0,4.0,0,0,0,0,1,0,0,0,1
357,P0357,10.48,4,0.0,17.53,11,38,0,2.0,0.0,False,3.0,5.0,0,0,0,1,0,0,1,0,0
358,P0358,23.26,5,22.41,26.29,61,68,0,9.0,9.0,False,11.0,5.0,0,0,1,0,0,0,0,1,0
359,P0359,14.75,13,4.62,44.599999999999994,45,23,1,2.0,10.0,True,11.0,0.0,0,0,0,0,1,0,0,1,0
360,P0360,29.12,3,0.0,53.66,17,158,0,6.0,0.0,True,3.0,3.0,1,0,0,0,0,0,0,0,1
361,P0361,33.38,1,9.52,57.42999999999999,38,64,0,7.0,0.0,True,2.0,2.0,1,0,0,0,0,0,1,0,0
362,P0362,31.73,6,1.36,26.22,34,4,1,6.0,0.0,False,11.0,3.0,1,0,0,0,0,0,0,0,1
363,P0363,35.11,3,20.55,63.57000000000001,24,36,0,6.0,0.0,False,11.0,4.0,0,0,0,0,0,1,0,1,0
364,P0364,31.24,4,0.0,28.35,4,165,0,6.0,0.0,True,12.0,5.0,0,0,0,0,0,1,0,0,1
365,P0365,22.08,8,3.24,144.65,1,127,0,10.0,9.0,True,12.0,0.0,0,0,1,0,0,0,0,0,1
366,P0366,34.36,6,40.47,44.97,29,161,0,6.0,0.0,True,1.0,6.0,0,0,0,1,0,0,0,1,0
367,P0367,4.68,5,0.0,12.19,33,108,0,10.0,0.0,False,12.0,0.0,1,0,0,0,0,0,0,0,1
368,P0368,33.26,10,2.49,51.620000000000005,9,173,0,6.0,0.0,True,12.0,6.0,0,0,0,1,0,0,0,0,1
369,P0369,42.08,5,0.0,29.15,3,83,0,6.0,2.0,True,4.0,6.0,0,0,1,0,0,0,1,0,0
370,P0370,28.72,5,0.64,4.33,87,16,1,3.0,8.0,False,2.0,2.0,0,0,0,0,1,0,1,0,0
371,P0371,24.39,3,0.0,2.25,41,22,1,8.0,0.0,True,2.0,0.0,0,1,0,0,0,0,0,1,0
372,P0372,25.88,4,0.0,6.79,26,112,0,6.0,0.0,True,12.0,2.0,0,0,0,0,0,1,0,0,1
373,P0373,31.32,7,0.04,55.54,51,56,0,9.0,7.0,False,3.0,4.0,0,0,0,0,1,0,0,1,0
374,P0374,39.53,2,34.36,74.27,24,176,0,6.0,4.0,True,11.0,6.0,0,0,0,1,0,0,1,0,0
375,P0375,48.3,4,0.0,32.23,63,76,0,2.0,0.0,False,1.0,4.0,0,0,1,0,0,0,0,1,0
376,P0376,39.9,8,0.0,10.83,76,92,0,6.0,0.0,True,2.0,6.0,0,0,0,1,0,0,0,0,1
377,P0377,34.25,2,31.51,141.94,99,168,0,6.0,6.0,True,2.0,0.0,1,0,0,0,0,0,0,0,1
378,P0378,23.33,3,0.0,65.5,86,85,0,6.0,7.0,True,1.0,6.0,0,0,0,0,1,0,0,0,1
379,P0379,31.04,3,13.13,73.45,96,158,0,6.0,0.0,True,1.0,6.0,0,1,0,0,0,0,1,0,0
380,P0380,37.43,3,0.0,87.87,51,170,0,6.0,0.0,True,12.0,3.0,0,0,0,0,1,0,1,0,0
381,P0381,17.79,4,2.18,38.17,45,77,0,1.0,6.0,False,3.0,3.0,0,0,1,0,0,0,0,1,0
382,P0382,35.89,3,5.37,124.68,38,134,0,6.0,7.0,False,3.0,3.0,0,0,0,0,1,0,1,0,0
383,P0383,27.39,2,0.0,1.57,64,116,0,6.0,0.0,False,4.0,2.0,0,1,0,0,0,0,0,1,0
384,P0384,29.62,4,16.62,44.7,16,73,0,6.0,9.0,True,1.0,3.0,0,1,0,0,0,0,0,1,0
385,P0385,30.5,3,3.66,44.16,6,21,1,6.0,0.0,False,2.0,1.0,0,0,0,0,1,0,1,0,0
386,P0386,22.75,3,0.0,16.65,73,15,1,6.0,0.0,True,3.0,4.0,0,0,0,0,1,0,0,1,0
387,P0387,32.0,4,21.73,52.400000000000006,20,79,0,6.0,1.0,False,2.0,2.0,0,0,1,0,0,0,0,1,0
388,P0388,21.66,3,0.0,7.4,11,99,0,5.0,9.0,True,11.0,1.0,0,0,1,0,0,0,0,1,0
389,P0389,36.74,7,0.0,11.77,40,64,0,7.0,0.0,False,4.0,5.0,0,0,0,1,0,0,1,0,0
390,P0390,28.21,8,0.0,11.59,70,99,0,6.0,0.0,False,11.0,4.0,0,0,1,0,0,0,1,0,0
391,P0391,33.96,5,0.0,76.48,88,105,0,4.0,0.0,False,2.0,4.0,0,0,0,1,0,0,1,0,0
392,P0392,41.19,3,0.0,77.55,16,111,0,6.0,7.0,False,1.0,1.0,0,0,0,0,1,0,1,0,0
393,P0393,22.56,8,0.0,121.42,18,134,0,6.0,6.0,True,12.0,6.0,0,0,0,0,1,0,1,0,0
394,P0394,52.21,5,0.0,152.23,21,54,0,8.0,0.0,False,12.0,2.0,0,1,0,0,0,0,0,1,0
395,P0395,30.09,9,0.0,103.2,7,27,1,1.0,0.0,False,12.0,6.0,0,0,0,1,0,0,0,0,1
396,P0396,29.38,6,6.49,85.25999999999999,48,3,1,4.0,0.0,False,3.0,5.0,0,0,0,0,1,0,0,0,1
397,P0397,29.58,7,21.75,24.17,70,27,1,2.0,0.0,True,1.0,4.0,1,0,0,0,0,0,0,1,0
398,P0398,37.59,8,0.0,14.76,78,121,0,6.0,0.0,False,11.0,3.0,0,1,0,0,0,0,0,0,1
399,P0399,19.62,6,0.0,3.81,78,89,0,8.0,0.0,False,12.0,2.0,0,0,1,0,0,0,0,0,1
400,P0400,43.99,5,0.0,69.74,85,167,0,6.0,0.0,False,1.0,2.0,1,0,0,0,0,0,0,0,1
401,P0401,26.18,3,4.72,47.01,73,170,0,6.0,0.0,False,2.0,5.0,0,0,0,0,0,1,0,1,0
402,P0402,34.79,2,0.0,64.37,65,127,0,1.0,0.0,True,4.0,3.0,0,0,0,0,1,0,0,0,1
403,P0403,36.8,4,0.0,63.42,55,70,0,6.0,6.0,False,1.0,3.0,0,0,0,0,0,1,0,1,0
404,P0404,21.59,7,11.13,12.74,98,58,0,4.0,0.0,True,1.0,5.0,0,0,0,0,0,1,1,0,0
405,P0405,39.34,8,0.0,38.25,9,175,0,6.0,0.0,False,12.0,1.0,0,0,0,0,1,0,0,0,1
406,P0406,31.16,2,2.54,25.11,93,22,1,4.0,2.0,True,11.0,5.0,0,0,0,0,1,0,0,0,1
407,P0407,18.84,3,3.53,21.23,14,110,0,8.0,0.0,False,3.0,6.0,0,0,1,0,0,0,1,0,0
408,P0408,20.16,2,0.0,2.18,85,165,0,6.0,2.0,True,1.0,0.0,0,0,0,0,1,0,1,0,0
409,P0409,39.91,5,0.0,6.14,100,74,0,1.0,0.0,True,11.0,6.0,0,0,0,0,0,1,0,0,1
410,P0410,30.87,9,0.0,26.48,1,58,0,6.0,2.0,True,4.0,2.0,0,0,0,0,0,1,1,0,0
411,P0411,54.89,2,0.0,16.01,7,79,0,10.0,0.0,False,3.0,2.0,0,0,1,0,0,0,0,0,1
412,P0412,35.57,4,14.93,35.9,79,67,0,6.0,0.0,True,2.0,3.0,0,0,0,0,0,1,1,0,0
413,P0413,28.66,13,2.77,30.53,63,170,0,3.0,7.0,False,12.0,3.0,0,0,0,1,0,0,1,0,0
414,P0414,37.55,6,5.33,16.45,60,22,1,10.0,0.0,True,12.0,5.0,0,0,1,0,0,0,0,1,0
415,P0415,55.05,4,7.89,19.49,97,145,0,6.0,4.0,False,3.0,3.0,0,0,1,0,0,0,0,1,0
416,P0416,26.81,4,8.71,71.42,85,149,0,6.0,0.0,True,11.0,1.0,0,1,0,0,0,0,1,0,0
417,P0417,40.82,4,9.15,20.39,14,177,0,6.0,1.0,True,2.0,4.0,1,0,0,0,0,0,0,0,1
418,P0418,56.78,3,2.44,105.47,90,26,1,9.0,9.0,True,12.0,0.0,1,0,0,0,0,0,0,0,1
419,P0419,30.65,9,0.0,28.43,55,154,0,3.0,0.0,False,12.0,0.0,0,0,1,0,0,0,0,0,1
420,P0420,43.93,4,0.0,56.01,58,157,0,6.0,5.0,False,3.0,5.0,0,0,1,0,0,0,0,1,0
421,P0421,37.11,5,13.81,46.760000000000005,63,68,0,6.0,10.0,True,12.0,3.0,0,0,1,0,0,0,0,0,1
422,P0422,42.27,8,0.0,1.12,87,79,0,7.0,0.0,False,2.0,2.0,0,0,1,0,0,0,1,0,0
423,P0423,34.54,9,0.0,52.27,6,100,0,6.0,0.0,False,12.0,4.0,0,1,0,0,0,0,0,1,0
424,P0424,40.08,6,15.0,109.05,11,143,0,3.0,9.0,False,11.0,1.0,0,1,0,0,0,0,0,0,1
425,P0425,24.5,4,0.0,36.5,72,149,0,6.0,10.0,False,2.0,0.0,0,0,0,1,0,0,1,0,0
426,P0426,34.1,5,0.0,37.99,10,122,0,6.0,0.0,False,11.0,4.0,0,0,0,0,1,0,0,0,1
427,P0427,31.96,4,12.29,74.49000000000001,4,82,0,6.0,0.0,True,11.0,1.0,0,0,0,0,0,1,0,0,1
428,P0428,30.77,7,0.0,36.63,10,112,0,8.0,0.0,True,12.0,0.0,0,0,1,0,0,0,0,1,0
429,P0429,31.24,4,8.17,29.479999999999997,39,20,1,8.0,0.0,False,2.0,4.0,0,0,0,1,0,0,1,0,0
430,P0430,9.35,3,0.0,126.62,6,145,0,6.0,1.0,False,3.0,0.0,0,0,1,0,0,0,0,1,0
431,P0431,30.28,3,0.0,9.9,57,126,0,7.0,0.0,True,11.0,2.0,1,0,0,0,0,0,0,0,1
432,P0432,44.98,6,0.0,198.65,25,75,0,7.0,0.0,True,2.0,2.0,0,0,0,0,0,1,0,0,1
433,P0433,28.7,6,1.06,26.04,84,35,0,6.0,0.0,True,12.0,5.0,1,0,0,0,0,0,1,0,0
434,P0434,42.9,8,3.35,39.76,42,147,0,2.0,0.0,False,12.0,0.0,0,1,0,0,0,0,1,0,0
435,P0435,17.1,3,1.01,28.17,8,18,1,6.0,0.0,False,11.0,5.0,0,1,0,0,0,0,0,0,1
436,P0436,19.36,8,5.01,100.18,76,16,1,6.0,7.0,False,12.0,0.0,0,0,1,0,0,0,1,0,0
437,P0437,23.06,6,3.8,97.00999999999999,7,40,0,3.0,3.0,False,2.0,2.0,0,1,0,0,0,0,0,1,0
438,P0438,28.37,2,0.0,19.74,91,168,0,7.0,0.0,False,3.0,0.0,1,0,0,0,0,0,0,1,0
439,P0439,46.2,4,0.0,1.75,12,90,0,5.0,0.0,False,3.0,4.0,0,0,0,0,1,0,0,0,1
440,P0440,30.8,8,27.84,43.96,33,71,0,6.0,8.0,True,11.0,3.0,0,0,1,0,0,0,0,0,1
441,P0441,21.41,5,4.9,21.520000000000003,12,4,1,6.0,7.0,False,11.0,4.0,0,0,0,0,0,1,0,1,0
442,P0442,19.94,7,8.99,42.580000000000005,45,178,0,6.0,0.0,False,12.0,1.0,1,0,0,0,0,0,0,0,1
443,P0443,12.91,4,0.59,44.36000000000001,42,167,0,10.0,0.0,False,4.0,0.0,0,0,0,1,0,0,0,0,1
444,P0444,41.04,3,0.0,135.89,95,159,0,6.0,2.0,True,3.0,4.0,0,0,0,0,1,0,1,0,0
445,P0445,23.98,8,6.45,77.17,86,114,0,6.0,1.0,True,12.0,5.0,0,1,0,0,0,0,0,0,1
446,P0446,22.34,6,35.7,71.64,79,145,0,6.0,4.0,False,1.0,2.0,0,0,0,1,0,0,1,0,0
447,P0447,29.65,3,0.0,17.68,52,19,1,7.0,8.0,False,12.0,0.0,0,0,0,1,0,0,1,0,0
448,P0448,25.16,9,1.02,64.75,78,85,0,5.0,0.0,True,1.0,6.0,0,0,0,1,0,0,0,1,0
449,P0449,20.34,2,0.0,31.53,61,40,0,6.0,10.0,True,1.0,5.0,0,0,1,0,0,0,1,0,0
450,P0450,28.4,10,0.0,16.33,28,5,1,6.0,4.0,False,12.0,4.0,0,0,0,0,0,1,1,0,0
451,P0451,39.37,5,0.0,43.2,40,67,0,6.0,5.0,True,3.0,1.0,0,1,0,0,0,0,0,0,1
452,P0452,48.23,7,0.0,47.11,59,20,1,6.0,0.0,False,11.0,2.0,0,0,1,0,0,0,0,0,1
453,P0453,27.62,3,2.4,103.34,71,81,0,7.0,3.0,True,12.0,2.0,0,1,0,0,0,0,0,1,0
454,P0454,24.82,3,0.0,95.48,75,99,0,7.0,0.0,False,4.0,6.0,0,1,0,0,0,0,0,0,1
455,P0455,27.02,2,0.0,1.65,60,163,0,6.0,10.0,True,1.0,4.0,0,0,0,0,0,1,1,0,0
456,P0456,40.73,4,10.45,46.230000000000004,18,112,0,6.0,10.0,True,11.0,2.0,0,0,0,0,1,0,0,0,1
457,P0457,24.53,6,0.0,30.62,9,179,0,6.0,1.0,False,4.0,2.0,0,0,0,1,0,0,0,1,0
458,P0458,22.5,8,0.51,24.92,1,135,0,9.0,0.0,False,4.0,0.0,1,0,0,0,0,0,0,1,0
459,P0459,17.54,5,8.59,213.33,68,71,0,9.0,2.0,False,2.0,2.0,0,0,0,0,1,0,1,0,0
460,P0460,22.21,4,18.43,19.97,50,101,0,2.0,0.0,False,12.0,2.0,0,0,1,0,0,0,0,1,0
461,P0461,32.03,3,6.61,19.04,13,120,0,6.0,0.0,True,12.0,0.0,0,1,0,0,0,0,0,0,1
462,P0462,32.56,3,0.0,35.58,21,24,1,6.0,3.0,False,4.0,1.0,0,0,0,0,0,1,1,0,0
463,P0463,25.12,6,5.66,10.46,46,78,0,6.0,0.0,False,1.0,3.0,1,0,0,0,0,0,1,0,0
464,P0464,24.43,7,19.82,104.49000000000001,12,69,0,4.0,0.0,True,1.0,4.0,0,0,0,0,1,0,0,1,0
465,P0465,23.4,7,3.21,35.37,5,11,1,7.0,4.0,False,3.0,4.0,0,0,0,1,0,0,1,0,0
466,P0466,49.48,2,6.77,25.34,41,160,0,4.0,0.0,False,3.0,4.0,0,0,0,0,1,0,0,1,0
467,P0467,40.25,3,0.0,30.36,70,125,0,6.0,10.0,False,4.0,2.0,1,0,0,0,0,0,1,0,0
468,P0468,15.06,4,14.47,29.9,5,18,1,6.0,5.0,True,3.0,0.0,0,0,0,0,1,0,0,0,1
469,P0469,39.13,3,0.0,7.16,48,44,0,6.0,0.0,False,1.0,1.0,0,1,0,0,0,0,0,1,0
470,P0470,6.28,5,0.0,5.96,27,154,0,6.0,9.0,True,1.0,2.0,0,1,0,0,0,0,0,0,1
471,P0471,50.42,7,0.0,134.67,54,125,0,10.0,0.0,True,2.0,1.0,0,0,1,0,0,0,0,0,1
472,P0472,16.26,5,5.24,26.61,66,91,0,4.0,0.0,True,1.0,4.0,0,0,0,0,0,1,0,0,1
473,P0473,5.87,8,0.0,5.1,64,69,0,9.0,1.0,True,2.0,1.0,0,0,1,0,0,0,1,0,0
474,P0474,44.8,11,0.59,21.6,15,123,0,1.0,4.0,True,3.0,3.0,0,0,0,0,1,0,1,0,0
475,P0475,28.11,9,0.0,138.76,72,8,1,1.0,4.0,True,12.0,3.0,0,0,0,0,0,1,0,0,1
476,P0476,18.05,2,0.0,63.78,8,58,0,6.0,0.0,False,12.0,4.0,0,0,0,0,1,0,1,0,0
477,P0477,42.35,9,0.0,6.67,28,176,0,6.0,4.0,True,11.0,4.0,0,0,1,0,0,0,0,1,0
478,P0478,18.43,2,0.0,66.44,43,72,0,6.0,0.0,False,3.0,5.0,0,0,0,0,1,0,0,0,1
479,P0479,16.67,7,7.19,28.220000000000002,67,6,1,10.0,0.0,True,12.0,6.0,0,0,1,0,0,0,1,0,0
480,P0480,40.67,4,5.66,7.34,94,105,0,3.0,0.0,False,3.0,0.0,0,0,0,1,0,0,0,1,0
481,P0481,35.54,4,1.56,72.7,28,16,1,1.0,2.0,True,1.0,4.0,0,0,0,0,0,1,1,0,0
482,P0482,24.11,7,0.0,17.46,50,59,0,6.0,2.0,False,4.0,2.0,0,0,0,0,1,0,1,0,0
483,P0483,25.41,5,0.0,12.62,20,117,0,6.0,0.0,True,4.0,1.0,0,0,0,0,1,0,0,1,0
484,P0484,22.26,5,5.51,35.62,53,100,0,4.0,3.0,False,1.0,4.0,1,0,0,0,0,0,0,0,1
485,P0485,29.44,9,6.08,116.89,31,73,0,6.0,0.0,False,12.0,6.0,0,0,1,0,0,0,1,0,0
486,P0486,49.45,4,0.0,97.28,82,144,0,4.0,0.0,True,11.0,1.0,0,0,1,0,0,0,0,1,0
487,P0487,26.55,3,5.97,147.06,69,45,0,10.0,8.0,False,2.0,2.0,0,0,0,0,1,0,0,0,1
488,P0488,25.21,2,1.77,23.27,6,120,0,6.0,0.0,False,12.0,0.0,0,0,0,1,0,0,0,0,1
489,P0489,52.93,5,0.0,45.32,64,102,0,10.0,1.0,True,2.0,0.0,0,0,0,0,0,1,0,0,1
490,P0490,28.47,4,0.0,223.23,45,137,0,6.0,0.0,False,4.0,2.0,0,1,0,0,0,0,1,0,0
491,P0491,22.5,3,0.0,23.77,30,137,0,10.0,0.0,False,2.0,4.0,0,0,1,0,0,0,0,1,0
492,P0492,30.28,5,0.58,6.99,47,130,0,2.0,4.0,False,11.0,4.0,0,0,0,0,0,1,0,0,1
493,P0493,31.04,6,4.49,42.75,13,3,1,6.0,8.0,True,11.0,6.0,0,0,0,0,1,0,1,0,0
494,P0494,27.22,7,0.0,4.91,46,44,0,6.0,0.0,False,12.0,1.0,1,0,0,0,0,0,0,0,1
495,P0495,42.91,4,1.77,162.4,20,25,1,6.0,4.0,True,12.0,4.0,0,1,0,0,0,0,1,0,0
496,P0496,33.29,6,21.04,36.72,16,23,1,7.0,9.0,True,4.0,5.0,0,0,0,0,0,1,1,0,0
497,P0497,31.4,3,0.0,43.16,5,22,1,6.0,0.0,True,2.0,1.0,0,0,0,0,1,0,1,0,0
498,P0498,23.21,6,0.0,124.3,46,50,0,6.0,9.0,False,2.0,3.0,0,0,0,1,0,0,1,0,0
499,P0499,0.86,5,24.63,45.06,6,26,1,6.0,2.0,True,3.0,6.0,0,1,0,0,0,0,1,0,0
500,P0000,34.97,4,20.11,66.06,24,131,0,6.0,4.0,True,2.0,4.0,0,0,1,0,0,0,1,0,0
501,P0001,28.62,4,3.63,40.830000000000005,89,49,0,10.0,0.0,True,4.0,5.0,0,0,1,0,0,0,0,1,0
502,P0002,31.42,4,0.0,142.54,14,9,1,10.0,4.0,False,2.0,4.0,0,0,0,0,1,0,1,0,0
503,P0003,29.65,5,4.96,15.02,4,2,1,6.0,5.0,False,11.0,3.0,1,0,0,0,0,0,0,0,1
504,P0004,16.72,7,0.0,2.31,40,82,0,6.0,7.0,True,4.0,0.0,0,0,1,0,0,0,0,0,1
